"Date","Date_UTC","PoolName","Algorithm","Currency","Rate","Profit","ProfitApi","Cost","Power","Penalty","Duration","Donation"
"01/19/2020 10:26:40","01/19/2020 03:26:40","ZergPool","CryptoNightConceal","BTC","9161.94","7.4365","7.4365","3.3361","0.116","0","0.701","0"
"01/19/2020 10:26:40","01/19/2020 03:26:40","NiceHash","Ethash","BTC","9161.94","1.3897","1.3897","0.7332","0.025","0","0.412","0"
"01/19/2020 10:38:27","01/19/2020 03:38:27","NiceHash","Ethash","BTC","9159.97","5.2587","5.2587","3.3231","0.115","0","0.712","0"
"01/19/2020 10:41:04","01/19/2020 03:41:04","NiceHash","Ethash","BTC","9162.52","19.9596","19.9596","12.243","0.425","0","2.618","0"
"01/19/2020 10:44:46","01/19/2020 03:44:46","NiceHash","Ethash","BTC","9162.52","4.9822","4.9822","2.7689","0.096","0","0.438","0"
"01/19/2020 10:47:08","01/19/2020 03:47:08","NiceHash","Ethash","BTC","9162.52","25.0406","25.0406","14.9498","0.519","0","2.363","0"
"01/19/2020 10:49:25","01/19/2020 03:49:25","NiceHash","Ethash","BTC","9162.52","32.5331","32.5331","14.5392","0.505","0","2.298","0"
"01/19/2020 10:51:41","01/19/2020 03:51:41","NiceHash","Ethash","BTC","9150","28.137","28.137","14.3619","0.498","0","2.266","0"
"01/19/2020 10:55:17","01/19/2020 03:55:17","ZergPool","CryptoNightConceal","LTC","9150","7.9253","7.9253","3.5625","0.124","0","0.748","0"
"01/19/2020 10:55:17","01/19/2020 03:55:17","NiceHash","Ethash","BTC","9150","1.6619","1.6619","0.7917","0.027","0","0.444","0"
"01/19/2020 10:58:51","01/19/2020 03:58:51","NiceHash","Ethash","BTC","9150","12.3656","12.3656","6.3483","0.22","0","3.56","0"
"01/19/2020 10:58:51","01/19/2020 03:58:51","ZergPool","CryptoNightConceal","BTC","9150","4.3498","4.3498","1.9539","0.068","0","0.41","0"
"01/19/2020 11:01:23","01/19/2020 04:01:23","NiceHash","Ethash","BTC","9143.12","13.0732","13.0732","4.5107","0.156","0","2.527","0"
"01/19/2020 11:01:23","01/19/2020 04:01:23","ZergPool","CryptoNightConceal","BTC","9143.12","26.8174","26.8174","12.0528","0.418","0","2.527","0"
"01/19/2020 11:05:11","01/19/2020 04:05:11","NiceHash","Ethash","BTC","9143.12","5.2127","5.2127","2.5373","0.088","0","0.4","0"
"01/19/2020 11:07:29","01/19/2020 04:07:29","NiceHash","Ethash","BTC","9143.12","25.3246","25.3246","14.6626","0.508","0","2.313","0"
"01/19/2020 11:11:07","01/19/2020 04:11:07","NiceHash","Ethash","BTC","9143.12","4.8016","4.8016","2.4628","0.085","0","1.38","0"
"01/19/2020 11:11:07","01/19/2020 04:11:07","ZergPool","CryptoNightConceal","BTC","9143.12","4.3361","4.3361","1.9519","0.068","0","0.409","0"
"01/19/2020 11:14:42","01/19/2020 04:14:42","ZergPool","CryptoNightConceal","LTC","9137.68","4.6871","4.6871","2.109","0.073","0","0.442","0"
"01/19/2020 11:14:42","01/19/2020 04:14:42","NiceHash","Ethash","BTC","9137.68","12.1364","12.1364","6.3834","0.221","0","3.574","0"
"01/19/2020 11:16:56","01/19/2020 04:16:56","ZergPool","CryptoNightConceal","LTC","9137.68","23.7368","23.7368","10.6804","0.37","0","2.239","0"
"01/19/2020 11:16:56","01/19/2020 04:16:56","NiceHash","Ethash","BTC","9137.68","7.6029","7.6029","3.9989","0.139","0","2.239","0"
"01/19/2020 11:18:53","01/19/2020 04:18:53","ZergPool","CryptoNightConceal","LTC","9137.68","20.6131","20.6131","9.275","0.321","0","1.944","0"
"01/19/2020 11:18:53","01/19/2020 04:18:53","NiceHash","Ethash","BTC","9137.68","6.6013","6.6013","3.4721","0.12","0","1.944","0"
"01/19/2020 11:22:06","01/19/2020 04:22:06","NiceHash","Ethash","BTC","9126.5","10.9251","10.9251","5.7533","0.199","0","3.218","0"
"01/19/2020 11:22:06","01/19/2020 04:22:06","ZergPool","CryptoNightConceal","BTC","9126.5","4.2591","4.2591","1.9187","0.066","0","0.402","0"
"01/19/2020 11:25:25","01/19/2020 04:25:25","ZergPool","CryptoNightConceal","LTC","9126.5","4.1738","4.1738","1.8796","0.065","0","0.394","0"
"01/19/2020 11:25:26","01/19/2020 04:25:26","NiceHash","Ethash","BTC","9126.5","11.3055","11.3055","5.9536","0.206","0","3.33","0"
"01/19/2020 11:30:50","01/19/2020 04:30:50","SparkPool","Ethash","ETH","9126.5","4.7729","4.7729","2.8552","0.099","0","0.45","0"
"01/19/2020 11:32:50","01/19/2020 04:32:50","SparkPool","Ethash","ETH","9131.17","21.3062","21.3062","12.7153","0.44","0","2.005","0"
"01/19/2020 11:38:51","01/19/2020 04:38:51","SparkPool","Cuckaroom29","GRIN","9131.17","4.7643","4.7643","3.3593","0.116","0","0.701","0"
"01/19/2020 11:38:51","01/19/2020 04:38:51","SparkPool","Ethash","ETH","9131.17","1.4272","1.4272","0.734","0.025","0","0.411","0"
"01/19/2020 11:42:16","01/19/2020 04:42:16","ZergPool","CryptoNightHeavyX","BTC","9142.59","4.9501","4.9501","2.5654","0.089","0","0.402","0"
"01/19/2020 11:45:44","01/19/2020 04:45:44","ZergPool","CryptoNightHeavyX","BTC","9142.59","6.0481","6.0481","3.1759","0.11","0","0.683","0"
"01/19/2020 11:45:44","01/19/2020 04:45:44","NiceHash","Ethash","BTC","9142.59","1.3259","1.3259","0.7022","0.024","0","0.394","0"
"01/19/2020 11:47:54","01/19/2020 04:47:54","ZergPool","CryptoNightHeavyX","BTC","9142.59","19.0648","19.0648","10.1306","0.351","0","2.178","0"
"01/19/2020 11:47:54","01/19/2020 04:47:54","NiceHash","Ethash","BTC","9142.59","7.3891","7.3891","3.8862","0.135","0","2.178","0"
"01/19/2020 11:50:05","01/19/2020 04:50:05","ZergPool","CryptoNightHeavyX","BTC","9133.15","19.0523","19.0523","10.1477","0.351","0","2.179","0"
"01/19/2020 11:50:05","01/19/2020 04:50:05","NiceHash","Ethash","BTC","9133.15","7.3575","7.3575","3.8934","0.135","0","2.18","0"
"01/19/2020 11:52:18","01/19/2020 04:52:18","ZergPool","CryptoNightHeavyX","BTC","9133.15","19.7356","19.7356","10.3621","0.359","0","2.225","0"
"01/19/2020 11:52:19","01/19/2020 04:52:19","NiceHash","Ethash","BTC","9133.15","7.5141","7.5141","3.9693","0.137","0","2.223","0"
"01/19/2020 11:54:22","01/19/2020 04:54:22","ZergPool","CryptoNightHeavyX","BTC","9133.15","18.1822","18.1822","9.5591","0.331","0","2.052","0"
"01/19/2020 11:54:22","01/19/2020 04:54:22","NiceHash","Ethash","BTC","9133.15","6.9241","6.9241","3.665","0.127","0","2.052","0"
"01/19/2020 11:56:38","01/19/2020 04:56:38","ZergPool","CryptoNightHeavyX","BTC","9133.15","19.7658","19.7658","10.555","0.365","0","2.265","0"
"01/19/2020 11:56:38","01/19/2020 04:56:38","NiceHash","Ethash","BTC","9133.15","7.6425","7.6425","4.0452","0.14","0","2.265","0"
"01/19/2020 11:58:54","01/19/2020 04:58:54","ZergPool","CryptoNightHeavyX","BTC","9133.15","19.4488","19.4488","10.5781","0.366","0","2.27","0"
"01/19/2020 11:58:54","01/19/2020 04:58:54","NiceHash","Ethash","BTC","9133.15","7.655","7.655","4.0538","0.14","0","2.27","0"
"01/19/2020 12:01:03","01/19/2020 05:01:03","ZergPool","CryptoNightHeavyX","BTC","9136.54","18.4607","18.4607","10.0506","0.348","0","2.157","0"
"01/19/2020 12:01:03","01/19/2020 05:01:03","NiceHash","Ethash","BTC","9136.54","7.2797","7.2797","3.8518","0.133","0","2.158","0"
"01/19/2020 12:03:14","01/19/2020 05:03:14","ZergPool","CryptoNightHeavyX","BTC","9136.54","18.6952","18.6952","10.1915","0.353","0","2.187","0"
"01/19/2020 12:03:14","01/19/2020 05:03:14","NiceHash","Ethash","BTC","9136.54","7.4253","7.4253","3.9046","0.135","0","2.187","0"
"01/19/2020 12:05:21","01/19/2020 05:05:21","ZergPool","CryptoNightHeavyX","BTC","9136.54","18.0253","18.0253","9.8392","0.341","0","2.112","0"
"01/19/2020 12:05:21","01/19/2020 05:05:21","NiceHash","Ethash","BTC","9136.54","7.5727","7.5727","3.7695","0.131","0","2.112","0"
"01/19/2020 12:07:27","01/19/2020 05:07:27","ZergPool","CryptoNightHeavyX","BTC","9136.54","17.9551","17.9551","9.8134","0.34","0","2.106","0"
"01/19/2020 12:07:28","01/19/2020 05:07:28","NiceHash","Ethash","BTC","9136.54","7.5518","7.5518","3.7591","0.13","0","2.106","0"
"01/19/2020 12:09:38","01/19/2020 05:09:38","ZergPool","CryptoNightHeavyX","BTC","9136.54","18.8959","18.8959","10.1707","0.352","0","2.182","0"
"01/19/2020 12:09:38","01/19/2020 05:09:38","NiceHash","Ethash","BTC","9136.54","8.909","8.909","3.8952","0.135","0","2.182","0"
"01/19/2020 12:13:02","01/19/2020 05:13:02","NiceHash","Ethash","BTC","9137.66","7.268","7.268","2.5113","0.087","0","0.396","0"
"01/19/2020 12:15:06","01/19/2020 05:15:06","NiceHash","Ethash","BTC","9137.66","27.8537","27.8537","13.0769","0.453","0","2.063","0"
"01/19/2020 12:18:27","01/19/2020 05:18:27","ZergPool","CryptoNightHeavyX","BTC","9137.66","6.1734","6.1734","3.11","0.108","0","0.667","0"
"01/19/2020 12:18:28","01/19/2020 05:18:28","NiceHash","Ethash","BTC","9137.66","1.3147","1.3147","0.6838","0.024","0","0.383","0"
"01/19/2020 12:20:37","01/19/2020 05:20:37","ZergPool","CryptoNightHeavyX","BTC","9118.1","19.8707","19.8707","10.0697","0.348","0","2.156","0"
"01/19/2020 12:20:37","01/19/2020 05:20:37","NiceHash","Ethash","BTC","9118.1","7.422","7.422","3.8606","0.133","0","2.159","0"
"01/19/2020 12:22:49","01/19/2020 05:22:49","ZergPool","CryptoNightHeavyX","BTC","9118.1","20.243","20.243","10.2714","0.355","0","2.199","0"
"01/19/2020 12:22:49","01/19/2020 05:22:49","NiceHash","Ethash","BTC","9118.1","7.5395","7.5395","3.9269","0.136","0","2.196","0"
"01/19/2020 12:24:59","01/19/2020 05:24:59","ZergPool","CryptoNightHeavyX","BTC","9118.1","19.65","19.65","10.1263","0.35","0","2.167","0"
"01/19/2020 12:24:59","01/19/2020 05:24:59","NiceHash","Ethash","BTC","9118.1","7.4427","7.4427","3.8765","0.134","0","2.168","0"
"01/19/2020 12:27:12","01/19/2020 05:27:12","ZergPool","CryptoNightHeavyX","BTC","9118.1","19.8254","19.8254","10.3826","0.359","0","2.222","0"
"01/19/2020 12:27:12","01/19/2020 05:27:12","NiceHash","Ethash","BTC","9118.1","7.653","7.653","3.9737","0.137","0","2.222","0"
"01/19/2020 12:29:20","01/19/2020 05:29:20","ZergPool","CryptoNightHeavyX","BTC","9131.12","18.1709","18.1709","9.9093","0.343","0","2.124","0"
"01/19/2020 12:29:20","01/19/2020 05:29:20","NiceHash","Ethash","BTC","9131.12","7.3088","7.3088","3.7922","0.131","0","2.123","0"
"01/19/2020 12:31:27","01/19/2020 05:31:27","ZergPool","CryptoNightHeavyX","BTC","9131.12","18.0295","18.0295","9.9182","0.343","0","2.125","0"
"01/19/2020 12:31:27","01/19/2020 05:31:27","NiceHash","Ethash","BTC","9131.12","7.3174","7.3174","3.7954","0.131","0","2.125","0"
"01/19/2020 12:33:39","01/19/2020 05:33:39","MiningRigRentals","Ethash","BTC","9131.12","6.2672","6.2672","2.4625","0.085","0","0.388","0"
"01/19/2020 12:34:41","01/19/2020 05:34:41","MiningRigRentals","Ethash","BTC","9131.12","16.5816","16.5816","6.5153","0.226","0","1.027","0"
"01/19/2020 12:35:43","01/19/2020 05:35:43","MiningRigRentals","Ethash","BTC","9131.12","16.6387","16.6387","6.5355","0.226","0","1.031","0"
"01/19/2020 12:36:45","01/19/2020 05:36:45","MiningRigRentals","Ethash","BTC","9131.12","16.6406","16.6406","6.5366","0.226","0","1.031","0"
"01/19/2020 12:37:46","01/19/2020 05:37:46","MiningRigRentals","Ethash","BTC","9131.12","16.595","16.595","6.5194","0.226","0","1.028","0"
"01/19/2020 12:38:48","01/19/2020 05:38:48","MiningRigRentals","Ethash","BTC","9131.12","16.4876","16.4876","6.4781","0.224","0","1.021","0"
"01/19/2020 12:39:49","01/19/2020 05:39:49","MiningRigRentals","Ethash","BTC","9109","16.6009","16.6009","6.5392","0.226","0","1.028","0"
"01/19/2020 12:40:51","01/19/2020 05:40:51","MiningRigRentals","Ethash","BTC","9109","16.7154","16.7154","6.5852","0.227","0","1.035","0"
"01/19/2020 12:41:53","01/19/2020 05:41:53","MiningRigRentals","Ethash","BTC","9109","16.664","16.664","6.5659","0.227","0","1.032","0"
"01/19/2020 12:42:55","01/19/2020 05:42:55","MiningRigRentals","Ethash","BTC","9109","16.6821","16.6821","6.5739","0.227","0","1.033","0"
"01/19/2020 12:43:57","01/19/2020 05:43:57","MiningRigRentals","Ethash","BTC","9109","16.6193","16.6193","6.55","0.226","0","1.029","0"
"01/19/2020 12:44:59","01/19/2020 05:44:59","MiningRigRentals","Ethash","BTC","9109","16.5254","16.5254","6.5139","0.225","0","1.023","0"
"01/19/2020 12:46:00","01/19/2020 05:46:00","MiningRigRentals","Ethash","BTC","9109","16.5824","16.5824","6.5627","0.227","0","1.031","0"
"01/19/2020 12:47:02","01/19/2020 05:47:02","MiningRigRentals","Ethash","BTC","9109","16.4378","16.4378","6.5062","0.225","0","1.022","0"
"01/19/2020 12:48:03","01/19/2020 05:48:03","MiningRigRentals","Ethash","BTC","9109","16.5167","16.5167","6.5382","0.226","0","1.027","0"
"01/19/2020 12:54:27","01/19/2020 05:54:27","NiceHash","Ethash","BTC","9116.2","4.2323","4.2323","2.5502","0.088","0","0.401","0"
"01/19/2020 12:56:35","01/19/2020 05:56:35","NiceHash","Ethash","BTC","9116.2","22.5322","22.5322","13.5809","0.469","0","2.136","0"
"01/19/2020 12:58:40","01/19/2020 05:58:40","NiceHash","Ethash","BTC","9116.2","21.9882","21.9882","13.2545","0.458","0","2.085","0"
"01/19/2020 13:00:47","01/19/2020 06:00:47","NiceHash","Ethash","BTC","9117.93","22.3144","22.3144","13.4502","0.465","0","2.116","0"
"01/19/2020 13:02:58","01/19/2020 06:02:58","NiceHash","Ethash","BTC","9117.93","22.9301","22.9301","13.8204","0.478","0","2.174","0"
"01/19/2020 13:05:04","01/19/2020 06:05:04","NiceHash","Ethash","BTC","9117.93","22.2089","22.2089","13.3827","0.463","0","2.105","0"
"01/19/2020 13:07:10","01/19/2020 06:07:10","NiceHash","Ethash","BTC","9117.93","22.0919","22.0919","13.3305","0.461","0","2.096","0"
"01/19/2020 13:09:19","01/19/2020 06:09:19","NiceHash","Ethash","BTC","9117.93","22.6726","22.6726","13.6926","0.473","0","2.153","0"
"01/19/2020 13:11:35","01/19/2020 06:11:35","NiceHash","Ethash","BTC","9118.86","23.8823","23.8823","14.4295","0.499","0","2.269","0"
"01/19/2020 13:13:45","01/19/2020 06:13:45","NiceHash","Ethash","BTC","9118.86","22.8553","22.8553","13.8135","0.478","0","2.172","0"
"01/19/2020 13:16:01","01/19/2020 06:16:01","NiceHash","Ethash","BTC","9118.86","23.749","23.749","14.3562","0.496","0","2.257","0"
"01/19/2020 13:19:27","01/19/2020 06:19:27","ZergPool","CryptoNightHeavyX","BTC","9118.86","6.3801","6.3801","3.4134","0.118","0","0.73","0"
"01/19/2020 13:19:27","01/19/2020 06:19:27","NiceHash","Ethash","BTC","9118.86","1.4162","1.4162","0.737","0.025","0","0.412","0"
"01/19/2020 13:21:41","01/19/2020 06:21:41","ZergPool","CryptoNightHeavyX","BTC","9132.49","19.6347","19.6347","10.4046","0.36","0","2.229","0"
"01/19/2020 13:21:41","01/19/2020 06:21:41","NiceHash","Ethash","BTC","9132.49","7.6547","7.6547","3.981","0.138","0","2.23","0"
"01/19/2020 13:23:56","01/19/2020 06:23:56","ZergPool","CryptoNightHeavyX","BTC","9132.49","19.5958","19.5958","10.524","0.364","0","2.255","0"
"01/19/2020 13:23:57","01/19/2020 06:23:57","NiceHash","Ethash","BTC","9132.49","7.7286","7.7286","4.0249","0.139","0","2.254","0"
"01/19/2020 13:26:02","01/19/2020 06:26:02","ZergPool","CryptoNightHeavyX","BTC","9132.49","18.216","18.216","9.7952","0.339","0","2.098","0"
"01/19/2020 13:26:02","01/19/2020 06:26:02","NiceHash","Ethash","BTC","9132.49","7.1899","7.1899","3.7469","0.13","0","2.099","0"
"01/19/2020 13:28:13","01/19/2020 06:28:13","ZergPool","CryptoNightHeavyX","BTC","9132.49","19.261","19.261","10.1732","0.352","0","2.179","0"
"01/19/2020 13:28:13","01/19/2020 06:28:13","NiceHash","Ethash","BTC","9132.49","7.461","7.461","3.8896","0.135","0","2.179","0"
"01/19/2020 13:30:24","01/19/2020 06:30:24","ZergPool","CryptoNightHeavyX","BTC","9124.36","18.5377","18.5377","10.1658","0.352","0","2.175","0"
"01/19/2020 13:30:24","01/19/2020 06:30:24","NiceHash","Ethash","BTC","9124.36","7.4483","7.4483","3.8875","0.134","0","2.176","0"
"01/19/2020 13:32:37","01/19/2020 06:32:37","ZergPool","CryptoNightHeavyX","BTC","9124.36","18.8592","18.8592","10.355","0.358","0","2.216","0"
"01/19/2020 13:32:37","01/19/2020 06:32:37","NiceHash","Ethash","BTC","9124.36","7.7125","7.7125","3.9594","0.137","0","2.216","0"
"01/19/2020 13:34:49","01/19/2020 06:34:49","ZergPool","CryptoNightHeavyX","BTC","9124.36","19.498","19.498","10.2934","0.356","0","2.202","0"
"01/19/2020 13:34:49","01/19/2020 06:34:49","NiceHash","Ethash","BTC","9124.36","7.7804","7.7804","3.9354","0.136","0","2.202","0"
"01/19/2020 13:37:03","01/19/2020 06:37:03","ZergPool","CryptoNightHeavyX","BTC","9124.36","19.8842","19.8842","10.461","0.362","0","2.238","0"
"01/19/2020 13:37:03","01/19/2020 06:37:03","NiceHash","Ethash","BTC","9124.36","7.9996","7.9996","3.9989","0.138","0","2.238","0"
"01/19/2020 13:39:11","01/19/2020 06:39:11","ZergPool","CryptoNightHeavyX","BTC","9124.36","18.6429","18.6429","9.9567","0.344","0","2.13","0"
"01/19/2020 13:39:11","01/19/2020 06:39:11","NiceHash","Ethash","BTC","9124.36","7.6917","7.6917","3.8062","0.132","0","2.13","0"
"01/19/2020 13:41:24","01/19/2020 06:41:24","ZergPool","CryptoNightHeavyX","BTC","9117.96","19.4452","19.4452","10.3537","0.358","0","2.213","0"
"01/19/2020 13:41:24","01/19/2020 06:41:24","NiceHash","Ethash","BTC","9117.96","7.9834","7.9834","3.9592","0.137","0","2.214","0"
"01/19/2020 13:43:38","01/19/2020 06:43:38","ZergPool","CryptoNightHeavyX","BTC","9117.96","19.5882","19.5882","10.4429","0.361","0","2.232","0"
"01/19/2020 13:43:38","01/19/2020 06:43:38","NiceHash","Ethash","BTC","9117.96","7.8493","7.8493","3.9889","0.138","0","2.231","0"
"01/19/2020 13:45:48","01/19/2020 06:45:48","ZergPool","CryptoNightHeavyX","BTC","9117.96","18.8167","18.8167","10.1782","0.352","0","2.175","0"
"01/19/2020 13:45:48","01/19/2020 06:45:48","NiceHash","Ethash","BTC","9117.96","7.5523","7.5523","3.8896","0.134","0","2.175","0"
"01/19/2020 13:47:53","01/19/2020 06:47:53","ZergPool","CryptoNightHeavyX","BTC","9117.96","18.3868","18.3868","9.7765","0.338","0","2.089","0"
"01/19/2020 13:47:53","01/19/2020 06:47:53","NiceHash","Ethash","BTC","9117.96","8.5512","8.5512","3.7357","0.129","0","2.089","0"
"01/19/2020 13:50:01","01/19/2020 06:50:01","ZergPool","CryptoNightHeavyX","BTC","9117.96","18.0912","18.0912","9.9252","0.343","0","2.121","0"
"01/19/2020 13:50:01","01/19/2020 06:50:01","NiceHash","Ethash","BTC","9117.96","8.086","8.086","3.792","0.131","0","2.121","0"
"01/19/2020 13:52:10","01/19/2020 06:52:10","ZergPool","CryptoNightHeavyX","BTC","9084.02","18.3154","18.3154","10.0977","0.348","0","2.149","0"
"01/19/2020 13:52:10","01/19/2020 06:52:10","NiceHash","Ethash","BTC","9084.02","7.8371","7.8371","3.8578","0.133","0","2.149","0"
"01/19/2020 14:05:12","01/19/2020 07:05:12","NiceHash","Ethash","BTC","9051.2","4.2162","4.2162","2.5756","0.088","0","0.402","0"
"01/19/2020 14:08:54","01/19/2020 07:08:54","ZergPool","CryptoNightConceal","BTC","9051.2","7.7596","7.7596","3.3644","0.115","0","0.699","0"
"01/19/2020 14:08:54","01/19/2020 07:08:54","NiceHash","Ethash","BTC","9051.2","1.4014","1.4014","0.7368","0.025","0","0.409","0"
"01/19/2020 14:11:08","01/19/2020 07:11:08","ZergPool","CryptoNightConceal","BTC","9034.44","24.8397","24.8397","10.7711","0.369","0","2.234","0"
"01/19/2020 14:11:08","01/19/2020 07:11:08","NiceHash","Ethash","BTC","9034.44","7.6463","7.6463","4.0322","0.138","0","2.235","0"
"01/19/2020 14:13:23","01/19/2020 07:13:23","ZergPool","CryptoNightConceal","BTC","9034.44","25.0387","25.0387","10.8698","0.372","0","2.255","0"
"01/19/2020 14:13:23","01/19/2020 07:13:23","NiceHash","Ethash","BTC","9034.44","7.7137","7.7137","4.0686","0.139","0","2.255","0"
"01/19/2020 14:15:39","01/19/2020 07:15:39","ZergPool","CryptoNightConceal","BTC","9034.44","25.107","25.107","10.9117","0.374","0","2.263","0"
"01/19/2020 14:15:39","01/19/2020 07:15:39","NiceHash","Ethash","BTC","9034.44","7.7416","7.7416","4.0844","0.14","0","2.263","0"
"01/19/2020 14:18:02","01/19/2020 07:18:02","ZergPool","CryptoNightConceal","BTC","9034.44","26.4331","26.4331","11.5314","0.395","0","2.392","0"
"01/19/2020 14:18:02","01/19/2020 07:18:02","NiceHash","Ethash","BTC","9034.44","8.1756","8.1756","4.3166","0.148","0","2.392","0"
"01/19/2020 14:21:22","01/19/2020 07:21:22","NiceHash","Ethash","BTC","9054.59","11.3802","11.3802","5.9995","0.206","0","3.332","0"
"01/19/2020 14:21:22","01/19/2020 07:21:22","ZergPool","CryptoNightConceal","LTC","9054.59","4.693","4.693","2.0418","0.07","0","0.424","0"
"01/19/2020 14:24:42","01/19/2020 07:24:42","ZergPool","CryptoNightConceal","BTC","9054.59","4.6141","4.6141","2.0115","0.069","0","0.418","0"
"01/19/2020 14:24:42","01/19/2020 07:24:42","NiceHash","Ethash","BTC","9054.59","11.3978","11.3978","5.9952","0.206","0","3.33","0"
"01/19/2020 14:27:02","01/19/2020 07:27:02","ZergPool","CryptoNightConceal","BTC","9054.59","17.06","17.06","11.2388","0.386","0","2.336","0"
"01/19/2020 14:27:02","01/19/2020 07:27:02","NiceHash","Ethash","BTC","9054.59","8.0192","8.0192","4.2065","0.144","0","2.336","0"
"01/19/2020 14:29:17","01/19/2020 07:29:17","ZergPool","CryptoNightConceal","BTC","9054.59","16.4398","16.4398","10.8321","0.372","0","2.252","0"
"01/19/2020 14:29:17","01/19/2020 07:29:17","NiceHash","Ethash","BTC","9054.59","7.7553","7.7553","4.0545","0.139","0","2.252","0"
"01/19/2020 14:31:49","01/19/2020 07:31:49","ZergPool","CryptoNightConceal","BTC","9070","18.4378","18.4378","12.1592","0.418","0","2.532","0"
"01/19/2020 14:31:49","01/19/2020 07:31:49","NiceHash","Ethash","BTC","9070","8.7299","8.7299","4.552","0.157","0","2.532","0"
"01/19/2020 14:34:19","01/19/2020 07:34:19","ZergPool","CryptoNightConceal","BTC","9070","18.1796","18.1796","12.0105","0.413","0","2.501","0"
"01/19/2020 14:34:19","01/19/2020 07:34:19","NiceHash","Ethash","BTC","9070","8.6269","8.6269","4.4957","0.155","0","2.501","0"
"01/19/2020 14:37:41","01/19/2020 07:37:41","NiceHash","Ethash","BTC","9070","11.6214","11.6214","6.0545","0.208","0","3.368","0"
"01/19/2020 14:37:41","01/19/2020 07:37:41","ZergPool","ProgPoW","BTC","9070","3.1391","3.1391","1.7404","0.06","0","0.411","0"
"01/19/2020 14:40:06","01/19/2020 07:40:06","NiceHash","Ethash","BTC","9053.54","8.4385","8.4385","4.3519","0.149","0","2.417","0"
"01/19/2020 14:40:06","01/19/2020 07:40:06","ZergPool","ProgPoW","BTC","9053.54","18.3082","18.3082","10.2604","0.352","0","2.417","0"
"01/19/2020 14:42:37","01/19/2020 07:42:37","NiceHash","Ethash","BTC","9053.54","8.6397","8.6397","4.5059","0.155","0","2.502","0"
"01/19/2020 14:42:37","01/19/2020 07:42:37","ZergPool","ProgPoW","BTC","9053.54","18.9593","18.9593","10.6285","0.365","0","2.503","0"
"01/19/2020 14:46:05","01/19/2020 07:46:05","ZergPool","ProgPoW","LTC","9053.54","3.1222","3.1222","1.7562","0.06","0","0.413","0"
"01/19/2020 14:46:05","01/19/2020 07:46:05","NiceHash","Ethash","BTC","9053.54","11.9229","11.9229","6.2563","0.215","0","3.474","0"
"01/19/2020 14:48:31","01/19/2020 07:48:31","ZergPool","ProgPoW","LTC","9053.54","18.3974","18.3974","10.3459","0.355","0","2.436","0"
"01/19/2020 14:48:31","01/19/2020 07:48:31","NiceHash","Ethash","BTC","9053.54","8.4866","8.4866","4.3868","0.151","0","2.436","0"
"01/19/2020 14:50:56","01/19/2020 07:50:56","ZergPool","ProgPoW","LTC","9072.3","18.1287","18.1287","10.2399","0.352","0","2.416","0"
"01/19/2020 14:50:56","01/19/2020 07:50:56","NiceHash","Ethash","BTC","9072.3","8.4433","8.4433","4.3414","0.149","0","2.416","0"
"01/19/2020 14:54:38","01/19/2020 07:54:38","NiceHash","Ethash","BTC","9072.3","4.4857","4.4857","2.6779","0.092","0","0.419","0"
"01/19/2020 14:57:07","01/19/2020 07:57:07","NiceHash","Ethash","BTC","9072.3","26.3154","26.3154","15.912","0.547","0","2.491","0"
"01/19/2020 14:59:35","01/19/2020 07:59:35","NiceHash","Ethash","BTC","9072.3","25.9166","25.9166","15.7084","0.54","0","2.459","0"
"01/19/2020 15:02:09","01/19/2020 08:02:09","NiceHash","Ethash","BTC","9071.38","26.9817","26.9817","16.3731","0.563","0","2.563","0"
"01/19/2020 15:04:29","01/19/2020 08:04:29","NiceHash","Ethash","BTC","9071.38","24.8394","24.8394","14.9373","0.514","0","2.338","0"
"01/19/2020 15:06:49","01/19/2020 08:06:49","NiceHash","Ethash","BTC","9071.38","25.562","25.562","14.877","0.512","0","2.328","0"
"01/19/2020 15:09:07","01/19/2020 08:09:07","NiceHash","Ethash","BTC","9071.38","25.6926","25.6926","14.7784","0.508","0","2.313","0"
"01/19/2020 15:11:41","01/19/2020 08:11:41","NiceHash","Ethash","BTC","9085.67","28.449","28.449","16.3584","0.563","0","2.564","0"
"01/19/2020 15:14:01","01/19/2020 08:14:01","NiceHash","Ethash","BTC","9085.67","34.8998","34.8998","14.8768","0.512","0","2.331","0"
"01/19/2020 15:16:20","01/19/2020 08:16:20","NiceHash","Ethash","BTC","9085.67","30.5412","30.5412","14.7175","0.507","0","2.306","0"
"01/19/2020 15:18:45","01/19/2020 08:18:45","NiceHash","Ethash","BTC","9085.67","38.2343","38.2343","15.4988","0.534","0","2.428","0"
"01/19/2020 15:21:09","01/19/2020 08:21:09","NiceHash","Ethash","BTC","9091.28","32.5973","32.5973","15.3169","0.528","0","2.401","0"
"01/19/2020 15:24:49","01/19/2020 08:24:49","NiceHash","Ethash","BTC","9091.28","5.5509","5.5509","2.4906","0.086","0","1.389","0"
"01/19/2020 15:24:49","01/19/2020 08:24:49","ZergPool","Lyra2RE3","BTC","9091.28","4.2467","4.2467","2.1264","0.073","0","0.46","0"
"01/19/2020 15:27:25","01/19/2020 08:27:25","NiceHash","Ethash","BTC","9091.28","9.3445","9.3445","4.6632","0.161","0","2.6","0"
"01/19/2020 15:27:25","01/19/2020 08:27:25","ZergPool","Lyra2RE3","BTC","9091.28","23.5783","23.5783","12.0941","0.417","0","2.599","0"
"01/19/2020 15:31:14","01/19/2020 08:31:14","NiceHash","Ethash","BTC","9087.08","4.9319","4.9319","2.8945","0.1","0","0.454","0"
"01/19/2020 15:33:48","01/19/2020 08:33:48","NiceHash","Ethash","BTC","9087.08","27.2938","27.2938","16.3883","0.565","0","2.569","0"
"01/19/2020 15:36:14","01/19/2020 08:36:14","NiceHash","Ethash","BTC","9087.08","25.7472","25.7472","15.5599","0.536","0","2.439","0"
"01/19/2020 15:42:14","01/19/2020 08:42:14","NiceHash","Cuckaroom29","BTC","9084.48","5.751","5.751","3.7359","0.129","0","0.775","0"
"01/19/2020 15:42:14","01/19/2020 08:42:14","NiceHash","Ethash","BTC","9084.48","1.6564","1.6564","0.8617","0.03","0","0.48","0"
"01/19/2020 15:44:38","01/19/2020 08:44:38","NiceHash","Ethash","BTC","9084.48","4.3011","4.3011","2.6016","0.09","0","0.408","0"
"01/19/2020 15:45:53","01/19/2020 08:45:53","NiceHash","Ethash","BTC","9084.48","13.2328","13.2328","7.9947","0.275","0","1.254","0"
"01/19/2020 15:47:04","01/19/2020 08:47:04","NiceHash","Ethash","BTC","9084.48","12.4187","12.4187","7.5165","0.259","0","1.179","0"
"01/19/2020 15:48:13","01/19/2020 08:48:13","NiceHash","Ethash","BTC","9084.48","12.1037","12.1037","7.322","0.252","0","1.148","0"
"01/19/2020 15:49:22","01/19/2020 08:49:22","NiceHash","Ethash","BTC","9059.04","12.1978","12.1978","7.4132","0.255","0","1.159","0"
"01/19/2020 15:55:06","01/19/2020 08:55:06","MiningRigRentals","Equihash21x9","BTC","9059.04","2.4566","2.4566","1.3936","0.048","0","0.41","0"
"01/19/2020 15:57:07","01/19/2020 08:57:07","MiningRigRentals","Equihash21x9","BTC","9059.04","12.0301","12.0301","6.8247","0.234","0","2.009","0"
"01/19/2020 15:59:25","01/19/2020 08:59:25","MiningRigRentals","Equihash21x9","BTC","9059.04","13.8179","13.8179","7.8389","0.269","0","2.308","0"
"01/19/2020 16:01:25","01/19/2020 09:01:25","MiningRigRentals","Equihash21x9","BTC","9075.5","13.5372","13.5372","9.2511","0.318","0","2.002","0"
"01/19/2020 16:03:15","01/19/2020 09:03:15","MiningRigRentals","Equihash21x9","BTC","9075.5","12.4907","12.4907","8.1289","0.28","0","1.828","0"
"01/19/2020 16:04:59","01/19/2020 09:04:59","MiningRigRentals","Equihash21x9","BTC","9075.5","12.1347","12.1347","8.3411","0.287","0","1.737","0"
"01/19/2020 16:06:53","01/19/2020 09:06:53","MiningRigRentals","Equihash21x9","BTC","9075.5","13.8027","13.8027","9.2426","0.318","0","1.898","0"
"01/19/2020 16:08:45","01/19/2020 09:08:45","MiningRigRentals","Equihash21x9","BTC","9075.5","13.8853","13.8853","9.2869","0.32","0","1.871","0"
"01/19/2020 16:10:27","01/19/2020 09:10:27","MiningRigRentals","Equihash21x9","BTC","9075.76","12.7304","12.7304","8.5629","0.295","0","1.691","0"
"01/19/2020 16:12:22","01/19/2020 09:12:22","MiningRigRentals","Equihash21x9","BTC","9075.76","14.5268","14.5268","9.6615","0.332","0","1.917","0"
"01/19/2020 16:14:10","01/19/2020 09:14:10","MiningRigRentals","Equihash21x9","BTC","9075.76","13.6255","13.6255","9.1113","0.313","0","1.802","0"
"01/19/2020 16:16:00","01/19/2020 09:16:00","MiningRigRentals","Equihash21x9","BTC","9075.76","14.0106","14.0106","9.3722","0.322","0","1.844","0"
"01/19/2020 16:18:01","01/19/2020 09:18:01","MiningRigRentals","Equihash21x9","BTC","9075.76","15.2483","15.2483","9.9298","0.342","0","2.008","0"
"01/19/2020 16:20:26","01/19/2020 09:20:26","MiningRigRentals","Equihash21x9","BTC","9080.94","18.3081","18.3081","11.6143","0.4","0","2.411","0"
"01/19/2020 16:22:17","01/19/2020 09:22:17","MiningRigRentals","Equihash21x9","BTC","9080.94","14.1245","14.1245","8.9603","0.308","0","1.86","0"
"01/19/2020 16:24:19","01/19/2020 09:24:19","MiningRigRentals","Equihash21x9","BTC","9080.94","15.2944","15.2944","9.763","0.336","0","2.028","0"
"01/19/2020 16:26:05","01/19/2020 09:26:05","MiningRigRentals","Equihash21x9","BTC","9080.94","13.4116","13.4116","8.5929","0.296","0","1.766","0"
"01/19/2020 16:27:57","01/19/2020 09:27:57","MiningRigRentals","Equihash21x9","BTC","9080.94","14.3009","14.3009","9.1292","0.314","0","1.873","0"
"01/19/2020 16:29:53","01/19/2020 09:29:53","MiningRigRentals","Equihash21x9","BTC","9092.67","14.7784","14.7784","9.4169","0.325","0","1.926","0"
"01/19/2020 16:31:41","01/19/2020 09:31:41","MiningRigRentals","Equihash21x9","BTC","9092.67","13.9191","13.9191","8.8691","0.306","0","1.81","0"
"01/19/2020 16:33:25","01/19/2020 09:33:25","MiningRigRentals","Equihash21x9","BTC","9092.67","13.3623","13.3623","8.5561","0.295","0","1.733","0"
"01/19/2020 16:35:04","01/19/2020 09:35:04","MiningRigRentals","Equihash21x9","BTC","9092.67","12.7626","12.7626","8.1939","0.282","0","1.65","0"
"01/19/2020 16:36:44","01/19/2020 09:36:44","MiningRigRentals","Equihash21x9","BTC","9092.67","12.9154","12.9154","8.3","0.286","0","1.664","0"
"01/19/2020 16:38:29","01/19/2020 09:38:29","MiningRigRentals","Equihash21x9","BTC","9092.67","13.5626","13.5626","8.6418","0.298","0","1.747","0"
"01/19/2020 16:40:14","01/19/2020 09:40:14","MiningRigRentals","Equihash21x9","BTC","9109.78","13.6084","13.6084","8.6547","0.299","0","1.753","0"
"01/19/2020 16:42:06","01/19/2020 09:42:06","MiningRigRentals","Equihash21x9","BTC","9109.78","14.4382","14.4382","9.2388","0.319","0","1.864","0"
"01/19/2020 16:44:06","01/19/2020 09:44:06","MiningRigRentals","Equihash21x9","BTC","9109.78","15.4986","15.4986","9.8175","0.339","0","1.998","0"
"01/19/2020 16:46:07","01/19/2020 09:46:07","MiningRigRentals","Equihash21x9","BTC","9109.78","15.6139","15.6139","9.9095","0.342","0","2.011","0"
"01/19/2020 16:47:53","01/19/2020 09:47:53","MiningRigRentals","Equihash21x9","BTC","9109.78","13.7672","13.7672","8.6632","0.299","0","1.77","0"
"01/19/2020 16:50:05","01/19/2020 09:50:05","MiningRigRentals","Equihash21x9","BTC","9089.28","17.1278","17.1278","10.7686","0.371","0","2.202","0"
"01/19/2020 16:52:10","01/19/2020 09:52:10","MiningRigRentals","Equihash21x9","BTC","9089.28","16.2299","16.2299","10.2099","0.352","0","2.085","0"
"01/19/2020 16:54:04","01/19/2020 09:54:04","MiningRigRentals","Equihash21x9","BTC","9089.28","14.8053","14.8053","9.3341","0.322","0","1.902","0"
"01/19/2020 16:56:16","01/19/2020 09:56:16","MiningRigRentals","Equihash21x9","BTC","9089.28","17.033","17.033","10.7199","0.369","0","2.192","0"
"01/19/2020 16:58:05","01/19/2020 09:58:05","MiningRigRentals","Equihash21x9","BTC","9089.28","14.1419","14.1419","8.9467","0.308","0","1.827","0"
"01/19/2020 16:59:42","01/19/2020 09:59:42","MiningRigRentals","Equihash21x9","BTC","9060.78","12.4795","12.4795","7.9152","0.272","0","1.613","0"
"01/19/2020 17:01:35","01/19/2020 10:01:35","MiningRigRentals","Equihash21x9","BTC","9060.78","14.6269","14.6269","9.2462","0.318","0","1.887","0"
"01/19/2020 17:03:25","01/19/2020 10:03:25","MiningRigRentals","Equihash21x9","BTC","9060.78","14.1016","14.1016","8.8632","0.304","0","1.82","0"
"01/19/2020 17:05:18","01/19/2020 10:05:18","MiningRigRentals","Equihash21x9","BTC","9060.78","14.5887","14.5887","9.1562","0.315","0","1.886","0"
"01/19/2020 17:06:56","01/19/2020 10:06:56","MiningRigRentals","Equihash21x9","BTC","9060.78","12.5635","12.5635","7.9662","0.274","0","1.633","0"
"01/19/2020 17:08:43","01/19/2020 10:08:43","MiningRigRentals","Equihash21x9","BTC","9060.78","13.7856","13.7856","8.7751","0.301","0","1.791","0"
"01/19/2020 17:11:01","01/19/2020 10:11:01","MiningRigRentals","Equihash21x9","BTC","9049.18","17.7429","17.7429","11.2856","0.387","0","2.303","0"
"01/19/2020 17:13:10","01/19/2020 10:13:10","MiningRigRentals","Equihash21x9","BTC","9049.18","16.5608","16.5608","10.5846","0.363","0","2.151","0"
"01/19/2020 17:15:12","01/19/2020 10:15:12","MiningRigRentals","Equihash21x9","BTC","9049.18","15.5746","15.5746","9.9839","0.343","0","2.025","0"
"01/19/2020 17:17:11","01/19/2020 10:17:11","MiningRigRentals","Equihash21x9","BTC","9049.18","15.2545","15.2545","9.7787","0.335","0","1.983","0"
"01/19/2020 17:19:02","01/19/2020 10:19:02","MiningRigRentals","Equihash21x9","BTC","9049.18","14.1874","14.1874","9.0574","0.311","0","1.847","0"
"01/19/2020 17:20:39","01/19/2020 10:20:39","MiningRigRentals","Equihash21x9","BTC","9052.04","12.5147","12.5147","7.9976","0.274","0","1.63","0"
"01/19/2020 17:22:15","01/19/2020 10:22:15","MiningRigRentals","Equihash21x9","BTC","9052.04","12.2531","12.2531","7.8281","0.269","0","1.594","0"
"01/19/2020 17:24:12","01/19/2020 10:24:12","MiningRigRentals","Equihash21x9","BTC","9052.04","15.0254","15.0254","9.578","0.329","0","1.951","0"
"01/19/2020 17:26:15","01/19/2020 10:26:15","MiningRigRentals","Equihash21x9","BTC","9052.04","15.8451","15.8451","10.0188","0.344","0","2.049","0"
"01/19/2020 17:27:52","01/19/2020 10:27:52","MiningRigRentals","Equihash21x9","BTC","9052.04","12.4316","12.4316","7.8891","0.271","0","1.608","0"
"01/19/2020 17:29:37","01/19/2020 10:29:37","MiningRigRentals","Equihash21x9","BTC","9052.04","13.6038","13.6038","8.6346","0.296","0","1.758","0"
"01/19/2020 17:31:52","01/19/2020 10:31:52","MiningRigRentals","Equihash21x9","BTC","9060","17.48","17.48","11.0542","0.38","0","2.257","0"
"01/19/2020 17:33:44","01/19/2020 10:33:44","MiningRigRentals","Equihash21x9","BTC","9060","14.3189","14.3189","9.0939","0.312","0","1.853","0"
"01/19/2020 17:35:37","01/19/2020 10:35:37","MiningRigRentals","Equihash21x9","BTC","9060","14.5788","14.5788","9.2735","0.319","0","1.887","0"
"01/19/2020 17:37:30","01/19/2020 10:37:30","MiningRigRentals","Equihash21x9","BTC","9060","14.5903","14.5903","9.265","0.318","0","1.888","0"
"01/19/2020 17:39:36","01/19/2020 10:39:36","MiningRigRentals","Equihash21x9","BTC","9060","16.2558","16.2558","10.3147","0.354","0","2.103","0"
"01/19/2020 17:41:32","01/19/2020 10:41:32","MiningRigRentals","Equihash21x9","BTC","9066.5","14.9465","14.9465","9.4834","0.326","0","1.934","0"
"01/19/2020 17:43:08","01/19/2020 10:43:08","MiningRigRentals","Equihash21x9","BTC","9066.5","12.3615","12.3615","7.8351","0.269","0","1.598","0"
"01/19/2020 17:44:58","01/19/2020 10:44:58","MiningRigRentals","Equihash21x9","BTC","9066.5","14.2149","14.2149","8.9847","0.309","0","1.836","0"
"01/19/2020 17:46:53","01/19/2020 10:46:53","MiningRigRentals","Equihash21x9","BTC","9066.5","14.7752","14.7752","9.3095","0.32","0","1.907","0"
"01/19/2020 17:48:50","01/19/2020 10:48:50","MiningRigRentals","Equihash21x9","BTC","9066.5","15.1159","15.1159","9.5242","0.327","0","1.951","0"
"01/19/2020 17:51:00","01/19/2020 10:51:00","MiningRigRentals","Equihash21x9","BTC","9054.37","16.8205","16.8205","10.6161","0.364","0","2.171","0"
"01/19/2020 17:53:01","01/19/2020 10:53:01","MiningRigRentals","Equihash21x9","BTC","9054.37","15.5958","15.5958","9.8641","0.339","0","2.014","0"
"01/19/2020 17:55:07","01/19/2020 10:55:07","MiningRigRentals","Equihash21x9","BTC","9054.37","16.2538","16.2538","10.2424","0.352","0","2.102","0"
"01/19/2020 17:57:10","01/19/2020 10:57:10","MiningRigRentals","Equihash21x9","BTC","9054.37","15.8211","15.8211","9.9721","0.342","0","2.047","0"
"01/19/2020 17:59:08","01/19/2020 10:59:08","MiningRigRentals","Equihash21x9","BTC","9054.37","15.2279","15.2279","9.5753","0.329","0","1.972","0"
"01/19/2020 18:00:53","01/19/2020 11:00:53","MiningRigRentals","Equihash21x9","BTC","9049.54","13.4652","13.4652","8.4779","0.291","0","1.744","0"
"01/19/2020 18:03:00","01/19/2020 11:03:00","MiningRigRentals","Equihash21x9","BTC","9049.54","16.3801","16.3801","10.2892","0.353","0","2.121","0"
"01/19/2020 18:05:07","01/19/2020 11:05:07","MiningRigRentals","Equihash21x9","BTC","9049.54","16.3289","16.3289","10.2749","0.353","0","2.115","0"
"01/19/2020 18:07:04","01/19/2020 11:07:04","MiningRigRentals","Equihash21x9","BTC","9049.54","15.4785","15.4785","9.5223","0.327","0","1.958","0"
"01/19/2020 18:08:54","01/19/2020 11:08:54","MiningRigRentals","Equihash21x9","BTC","9049.54","14.486","14.486","8.8811","0.305","0","1.832","0"
"01/19/2020 18:10:40","01/19/2020 11:10:40","MiningRigRentals","Equihash21x9","BTC","8580.86","13.9044","13.9044","8.9883","0.292","0","1.76","0"
"01/19/2020 18:12:22","01/19/2020 11:12:22","MiningRigRentals","Equihash21x9","BTC","8580.86","13.3964","13.3964","8.6638","0.282","0","1.695","0"
"01/19/2020 18:14:28","01/19/2020 11:14:28","MiningRigRentals","Equihash21x9","BTC","8580.86","16.6739","16.6739","10.7866","0.351","0","2.109","0"
"01/19/2020 18:16:24","01/19/2020 11:16:24","MiningRigRentals","Equihash21x9","BTC","8580.86","15.2939","15.2939","9.8999","0.322","0","1.937","0"
"01/19/2020 18:18:13","01/19/2020 11:18:13","MiningRigRentals","Equihash21x9","BTC","8580.86","14.2841","14.2841","9.2254","0.3","0","1.811","0"
"01/19/2020 18:20:09","01/19/2020 11:20:09","MiningRigRentals","Equihash21x9","BTC","8600.02","15.216","15.216","9.8008","0.32","0","1.93","0"
"01/19/2020 18:22:09","01/19/2020 11:22:09","MiningRigRentals","Equihash21x9","BTC","8600.02","15.8051","15.8051","10.1874","0.332","0","2.007","0"
"01/19/2020 18:23:55","01/19/2020 11:23:55","MiningRigRentals","Equihash21x9","BTC","8600.02","13.8538","13.8538","8.9307","0.291","0","1.759","0"
"01/19/2020 18:25:55","01/19/2020 11:25:55","MiningRigRentals","Equihash21x9","BTC","8600.02","15.7464","15.7464","10.1513","0.331","0","1.999","0"
"01/19/2020 18:27:41","01/19/2020 11:27:41","MiningRigRentals","Equihash21x9","BTC","8600.02","13.5053","13.5053","8.9816","0.293","0","1.767","0"
"01/19/2020 18:29:35","01/19/2020 11:29:35","MiningRigRentals","Equihash21x9","BTC","8600.02","14.4944","14.4944","9.6477","0.315","0","1.897","0"
"01/19/2020 18:31:32","01/19/2020 11:31:32","MiningRigRentals","Equihash21x9","BTC","8635.72","14.8888","14.8888","9.8586","0.323","0","1.95","0"
"01/19/2020 18:33:33","01/19/2020 11:33:33","MiningRigRentals","Equihash21x9","BTC","8635.72","15.3967","15.3967","10.2047","0.334","0","2.016","0"
"01/19/2020 18:35:49","01/19/2020 11:35:49","MiningRigRentals","Equihash21x9","BTC","8635.72","17.2977","17.2977","11.4859","0.376","0","2.268","0"
"01/19/2020 18:37:40","01/19/2020 11:37:40","MiningRigRentals","Equihash21x9","BTC","8635.72","14.1895","14.1895","9.4208","0.308","0","1.862","0"
"01/19/2020 18:39:34","01/19/2020 11:39:34","MiningRigRentals","Equihash21x9","BTC","8626.2","14.3752","14.3752","9.5431","0.312","0","1.887","0"
"01/19/2020 18:41:26","01/19/2020 11:41:26","MiningRigRentals","Equihash21x9","BTC","8626.2","14.2571","14.2571","9.4647","0.31","0","1.872","0"
"01/19/2020 18:43:13","01/19/2020 11:43:13","MiningRigRentals","Equihash21x9","BTC","8626.2","13.5528","13.5528","8.9872","0.294","0","1.78","0"
"01/19/2020 18:44:59","01/19/2020 11:44:59","MiningRigRentals","Equihash21x9","BTC","8626.2","13.5372","13.5372","8.9776","0.294","0","1.777","0"
"01/19/2020 18:47:13","01/19/2020 11:47:13","MiningRigRentals","Equihash21x9","BTC","8626.2","16.9493","16.9493","11.2944","0.369","0","2.234","0"
"01/19/2020 18:49:08","01/19/2020 11:49:08","MiningRigRentals","Equihash21x9","BTC","8660.46","14.4219","14.4219","9.5846","0.315","0","1.905","0"
"01/19/2020 18:50:54","01/19/2020 11:50:54","MiningRigRentals","Equihash21x9","BTC","8660.46","13.449","13.449","8.9469","0.294","0","1.777","0"
"01/19/2020 18:52:34","01/19/2020 11:52:34","MiningRigRentals","Equihash21x9","BTC","8660.46","12.6097","12.6097","8.3958","0.276","0","1.666","0"
"01/19/2020 18:54:18","01/19/2020 11:54:18","MiningRigRentals","Equihash21x9","BTC","8660.46","13.1635","13.1635","8.773","0.288","0","1.738","0"
"01/19/2020 18:56:04","01/19/2020 11:56:04","MiningRigRentals","Equihash21x9","BTC","8660.46","13.2783","13.2783","8.8539","0.291","0","1.753","0"
"01/19/2020 18:57:40","01/19/2020 11:57:40","MiningRigRentals","Equihash21x9","BTC","8660.46","12.1458","12.1458","8.0947","0.266","0","1.602","0"
"01/19/2020 18:59:30","01/19/2020 11:59:30","MiningRigRentals","Equihash21x9","BTC","8660.46","13.8762","13.8762","9.2424","0.303","0","1.83","0"
"01/19/2020 19:01:14","01/19/2020 12:01:14","MiningRigRentals","Equihash21x9","BTC","8664.12","13.2475","13.2475","8.8165","0.29","0","1.748","0"
"01/19/2020 19:03:01","01/19/2020 12:03:01","MiningRigRentals","Equihash21x9","BTC","8664.12","13.5144","13.5144","9.0027","0.296","0","1.785","0"
"01/19/2020 19:04:51","01/19/2020 12:04:51","MiningRigRentals","Equihash21x9","BTC","8664.12","13.8105","13.8105","9.2066","0.302","0","1.824","0"
"01/19/2020 19:06:37","01/19/2020 12:06:37","MiningRigRentals","Equihash21x9","BTC","8664.12","13.2579","13.2579","8.9126","0.293","0","1.765","0"
"01/19/2020 19:08:26","01/19/2020 12:08:26","MiningRigRentals","Equihash21x9","BTC","8664.12","13.6736","13.6736","9.1944","0.302","0","1.82","0"
"01/19/2020 19:10:05","01/19/2020 12:10:05","MiningRigRentals","Equihash21x9","BTC","8626.26","12.4132","12.4132","8.3829","0.274","0","1.652","0"
"01/19/2020 19:11:57","01/19/2020 12:11:57","MiningRigRentals","Equihash21x9","BTC","8626.26","14.0611","14.0611","9.5052","0.311","0","1.871","0"
"01/19/2020 19:13:40","01/19/2020 12:13:40","MiningRigRentals","Equihash21x9","BTC","8626.26","12.9089","12.9089","8.734","0.286","0","1.717","0"
"01/19/2020 19:15:46","01/19/2020 12:15:46","MiningRigRentals","Equihash21x9","BTC","8626.26","15.6877","15.6877","10.6147","0.347","0","2.087","0"
"01/19/2020 19:17:29","01/19/2020 12:17:29","MiningRigRentals","Equihash21x9","BTC","8626.26","13.0024","13.0024","8.7874","0.287","0","1.728","0"
"01/19/2020 19:19:09","01/19/2020 12:19:09","MiningRigRentals","Equihash21x9","BTC","8635.67","12.5137","12.5137","8.4427","0.276","0","1.662","0"
"01/19/2020 19:20:59","01/19/2020 12:20:59","MiningRigRentals","Equihash21x9","BTC","8635.67","13.7342","13.7342","9.2685","0.303","0","1.824","0"
"01/19/2020 19:22:42","01/19/2020 12:22:42","MiningRigRentals","Equihash21x9","BTC","8635.67","13.0265","13.0265","8.7928","0.288","0","1.73","0"
"01/19/2020 19:24:34","01/19/2020 12:24:34","MiningRigRentals","Equihash21x9","BTC","8635.67","14.0533","14.0533","9.4828","0.31","0","1.868","0"
"01/19/2020 19:26:27","01/19/2020 12:26:27","MiningRigRentals","Equihash21x9","BTC","8635.67","13.8347","13.8347","9.4828","0.31","0","1.869","0"
"01/19/2020 19:28:04","01/19/2020 12:28:04","MiningRigRentals","Equihash21x9","BTC","8635.67","11.9733","11.9733","8.2069","0.269","0","1.618","0"
"01/19/2020 19:29:52","01/19/2020 12:29:52","MiningRigRentals","Equihash21x9","BTC","8635.67","13.3918","13.3918","9.1865","0.301","0","1.809","0"
"01/19/2020 19:31:48","01/19/2020 12:31:48","MiningRigRentals","Equihash21x9","BTC","8575.92","14.24","14.24","9.8347","0.32","0","1.922","0"
"01/19/2020 19:34:06","01/19/2020 12:34:06","MiningRigRentals","Equihash21x9","BTC","8575.92","17.1242","17.1242","11.8227","0.384","0","2.312","0"
"01/19/2020 19:35:51","01/19/2020 12:35:51","MiningRigRentals","Equihash21x9","BTC","8575.92","12.9761","12.9761","8.9676","0.292","0","1.753","0"
"01/19/2020 19:37:49","01/19/2020 12:37:49","MiningRigRentals","Equihash21x9","BTC","8575.92","14.4574","14.4574","9.9977","0.325","0","1.952","0"
"01/19/2020 19:40:09","01/19/2020 12:40:09","MiningRigRentals","Equihash21x9","BTC","8575.92","17.3326","17.3326","11.9878","0.39","0","2.341","0"
"01/19/2020 19:42:18","01/19/2020 12:42:18","MiningRigRentals","Equihash21x9","BTC","8587.48","15.8797","15.8797","10.9766","0.357","0","2.146","0"
"01/19/2020 19:44:17","01/19/2020 12:44:17","MiningRigRentals","Equihash21x9","BTC","8587.48","14.7216","14.7216","10.1815","0.331","0","1.989","0"
"01/19/2020 19:46:00","01/19/2020 12:46:00","MiningRigRentals","Equihash21x9","BTC","8587.48","12.8851","12.8851","8.8059","0.287","0","1.72","0"
"01/19/2020 19:47:50","01/19/2020 12:47:50","MiningRigRentals","Equihash21x9","BTC","8587.48","13.6824","13.6824","9.357","0.305","0","1.826","0"
"01/19/2020 19:49:38","01/19/2020 12:49:38","MiningRigRentals","Equihash21x9","BTC","8587.48","13.5375","13.5375","9.2672","0.302","0","1.807","0"
"01/19/2020 19:51:21","01/19/2020 12:51:21","MiningRigRentals","Equihash21x9","BTC","8610.78","12.7634","12.7634","8.7163","0.285","0","1.704","0"
"01/19/2020 19:53:23","01/19/2020 12:53:23","MiningRigRentals","Equihash21x9","BTC","8610.78","15.2559","15.2559","10.4122","0.34","0","2.038","0"
"01/19/2020 19:55:12","01/19/2020 12:55:12","MiningRigRentals","Equihash21x9","BTC","8610.78","13.6692","13.6692","9.3339","0.305","0","1.827","0"
"01/19/2020 19:56:56","01/19/2020 12:56:56","MiningRigRentals","Equihash21x9","BTC","8610.78","12.8698","12.8698","8.7943","0.287","0","1.72","0"
"01/19/2020 19:58:43","01/19/2020 12:58:43","MiningRigRentals","Equihash21x9","BTC","8613.14","13.3688","13.3688","9.1293","0.298","0","1.786","0"
"01/19/2020 20:00:26","01/19/2020 13:00:26","MiningRigRentals","Equihash21x9","BTC","8613.14","12.8196","12.8196","8.7545","0.286","0","1.712","0"
"01/19/2020 20:02:09","01/19/2020 13:02:09","MiningRigRentals","Equihash21x9","BTC","8613.14","12.9688","12.9688","8.8566","0.289","0","1.731","0"
"01/19/2020 20:03:53","01/19/2020 13:03:53","MiningRigRentals","Equihash21x9","BTC","8613.14","12.9804","12.9804","8.8637","0.289","0","1.731","0"
"01/19/2020 20:05:43","01/19/2020 13:05:43","MiningRigRentals","Equihash21x9","BTC","8613.14","13.7243","13.7243","9.3729","0.306","0","1.831","0"
"01/19/2020 20:07:26","01/19/2020 13:07:26","MiningRigRentals","Equihash21x9","BTC","8613.14","12.7571","12.7571","8.7885","0.287","0","1.718","0"
"01/19/2020 20:09:04","01/19/2020 13:09:04","MiningRigRentals","Equihash21x9","BTC","8613.14","12.0796","12.0796","8.316","0.272","0","1.626","0"
"01/19/2020 20:10:46","01/19/2020 13:10:46","MiningRigRentals","Equihash21x9","BTC","8623.59","12.6527","12.6527","8.6924","0.284","0","1.702","0"
"01/19/2020 20:12:23","01/19/2020 13:12:23","MiningRigRentals","Equihash21x9","BTC","8623.59","11.9947","11.9947","8.2341","0.269","0","1.612","0"
"01/19/2020 20:14:12","01/19/2020 13:14:12","MiningRigRentals","Equihash21x9","BTC","8623.59","13.5398","13.5398","9.2925","0.304","0","1.819","0"
"01/19/2020 20:16:02","01/19/2020 13:16:02","MiningRigRentals","Equihash21x9","BTC","8623.59","13.6368","13.6368","9.3561","0.306","0","1.832","0"
"01/19/2020 20:18:02","01/19/2020 13:18:02","MiningRigRentals","Equihash21x9","BTC","8623.59","14.9767","14.9767","10.2731","0.336","0","2.012","0"
"01/19/2020 20:19:47","01/19/2020 13:19:47","MiningRigRentals","Equihash21x9","BTC","8623.59","13.0402","13.0402","8.9499","0.293","0","1.752","0"
"01/19/2020 20:21:33","01/19/2020 13:21:33","MiningRigRentals","Equihash21x9","BTC","8605.89","13.0592","13.0592","8.9838","0.293","0","1.755","0"
"01/19/2020 20:23:36","01/19/2020 13:23:36","MiningRigRentals","Equihash21x9","BTC","8605.89","15.2357","15.2357","10.4775","0.342","0","2.047","0"
"01/19/2020 20:25:32","01/19/2020 13:25:32","MiningRigRentals","Equihash21x9","BTC","8605.89","14.3886","14.3886","9.902","0.323","0","1.933","0"
"01/19/2020 20:27:28","01/19/2020 13:27:28","MiningRigRentals","Equihash21x9","BTC","8605.89","14.4978","14.4978","9.9532","0.325","0","1.942","0"
"01/19/2020 20:29:08","01/19/2020 13:29:08","MiningRigRentals","Equihash21x9","BTC","8605.89","12.4819","12.4819","8.5777","0.28","0","1.672","0"
"01/19/2020 20:30:49","01/19/2020 13:30:49","MiningRigRentals","Equihash21x9","BTC","8595.98","12.4723","12.4723","8.5861","0.28","0","1.67","0"
"01/19/2020 20:32:40","01/19/2020 13:32:40","MiningRigRentals","Equihash21x9","BTC","8595.98","13.9028","13.9028","9.5736","0.312","0","1.861","0"
"01/19/2020 20:34:36","01/19/2020 13:34:36","MiningRigRentals","Equihash21x9","BTC","8595.98","14.4628","14.4628","9.9634","0.325","0","1.936","0"
"01/19/2020 20:36:26","01/19/2020 13:36:26","MiningRigRentals","Equihash21x9","BTC","8595.98","13.7095","13.7095","9.4457","0.308","0","1.835","0"
"01/19/2020 20:38:26","01/19/2020 13:38:26","MiningRigRentals","Equihash21x9","BTC","8595.98","14.9118","14.9118","10.2759","0.335","0","1.996","0"
"01/19/2020 20:40:12","01/19/2020 13:40:12","MiningRigRentals","Equihash21x9","BTC","8590","13.159","13.159","9.0726","0.295","0","1.761","0"
"01/19/2020 20:41:57","01/19/2020 13:41:57","MiningRigRentals","Equihash21x9","BTC","8590","13.086","13.086","9.0257","0.294","0","1.751","0"
"01/19/2020 20:44:11","01/19/2020 13:44:11","MiningRigRentals","Equihash21x9","BTC","8590","16.6464","16.6464","11.4877","0.374","0","2.227","0"
"01/19/2020 20:46:04","01/19/2020 13:46:04","MiningRigRentals","Equihash21x9","BTC","8590","14.081","14.081","9.7265","0.317","0","1.888","0"
"01/19/2020 20:48:01","01/19/2020 13:48:01","MiningRigRentals","Equihash21x9","BTC","8590","14.6017","14.6017","10.0923","0.329","0","1.958","0"
"01/19/2020 20:49:49","01/19/2020 13:49:49","MiningRigRentals","Equihash21x9","BTC","8590","13.3299","13.3299","9.2154","0.3","0","1.788","0"
"01/19/2020 20:51:32","01/19/2020 13:51:32","MiningRigRentals","Equihash21x9","BTC","8623.42","12.8736","12.8736","8.8543","0.289","0","1.726","0"
"01/19/2020 20:53:26","01/19/2020 13:53:26","MiningRigRentals","Equihash21x9","BTC","8623.42","14.1542","14.1542","9.7224","0.318","0","1.897","0"
"01/19/2020 20:55:18","01/19/2020 13:55:18","MiningRigRentals","Equihash21x9","BTC","8623.42","13.8698","13.8698","9.5351","0.312","0","1.859","0"
"01/19/2020 20:57:22","01/19/2020 13:57:22","MiningRigRentals","Equihash21x9","BTC","8623.42","15.4872","15.4872","10.6567","0.348","0","2.077","0"
"01/19/2020 20:59:39","01/19/2020 13:59:39","MiningRigRentals","Equihash21x9","BTC","8623.42","16.9564","16.9564","11.6676","0.381","0","2.274","0"
"01/19/2020 21:01:31","01/19/2020 14:01:31","MiningRigRentals","Equihash21x9","BTC","8625","13.997","13.997","9.6292","0.315","0","1.879","0"
"01/19/2020 21:03:22","01/19/2020 14:03:22","MiningRigRentals","Equihash21x9","BTC","8625","13.7","13.7","9.4243","0.308","0","1.839","0"
"01/19/2020 21:05:19","01/19/2020 14:05:19","MiningRigRentals","Equihash21x9","BTC","8625","14.6078","14.6078","10.0514","0.329","0","1.96","0"
"01/19/2020 21:07:23","01/19/2020 14:07:23","MiningRigRentals","Equihash21x9","BTC","8625","15.3263","15.3263","10.5402","0.345","0","2.056","0"
"01/19/2020 21:09:06","01/19/2020 14:09:06","MiningRigRentals","Equihash21x9","BTC","8625","12.8161","12.8161","8.8176","0.288","0","1.719","0"
"01/19/2020 21:10:54","01/19/2020 14:10:54","MiningRigRentals","Equihash21x9","BTC","8628.05","13.399","13.399","9.2176","0.302","0","1.797","0"
"01/19/2020 21:12:50","01/19/2020 14:12:50","MiningRigRentals","Equihash21x9","BTC","8628.05","14.4825","14.4825","9.9634","0.326","0","1.943","0"
"01/19/2020 21:15:10","01/19/2020 14:15:10","MiningRigRentals","Equihash21x9","BTC","8628.05","17.3255","17.3255","11.9207","0.39","0","2.324","0"
"01/19/2020 21:17:02","01/19/2020 14:17:02","MiningRigRentals","Equihash21x9","BTC","8628.05","13.9822","13.9822","9.6256","0.315","0","1.876","0"
"01/19/2020 21:18:39","01/19/2020 14:18:39","MiningRigRentals","Equihash21x9","BTC","8628.05","12.0185","12.0185","8.28","0.271","0","1.613","0"
"01/19/2020 21:20:15","01/19/2020 14:20:15","MiningRigRentals","Equihash21x9","BTC","8632.18","11.9564","11.9564","8.2343","0.269","0","1.604","0"
"01/19/2020 21:22:01","01/19/2020 14:22:01","MiningRigRentals","Equihash21x9","BTC","8632.18","13.1229","13.1229","9.0375","0.296","0","1.76","0"
"01/19/2020 21:23:49","01/19/2020 14:23:49","MiningRigRentals","Equihash21x9","BTC","8632.18","13.491","13.491","9.2922","0.304","0","1.81","0"
"01/19/2020 21:25:39","01/19/2020 14:25:39","MiningRigRentals","Equihash21x9","BTC","8632.18","13.6242","13.6242","9.3839","0.307","0","1.827","0"
"01/19/2020 21:27:15","01/19/2020 14:27:15","MiningRigRentals","Equihash21x9","BTC","8632.18","11.9724","11.9724","8.2227","0.269","0","1.602","0"
"01/19/2020 21:28:50","01/19/2020 14:28:50","MiningRigRentals","Equihash21x9","BTC","8632.18","11.7823","11.7823","8.0909","0.265","0","1.576","0"
"01/19/2020 21:30:38","01/19/2020 14:30:38","MiningRigRentals","Equihash21x9","BTC","8637.25","13.4938","13.4938","9.2624","0.303","0","1.804","0"
"01/19/2020 21:32:44","01/19/2020 14:32:44","MiningRigRentals","Equihash21x9","BTC","8637.25","15.7253","15.7253","10.7934","0.353","0","2.102","0"
"01/19/2020 21:34:31","01/19/2020 14:34:31","MiningRigRentals","Equihash21x9","BTC","8637.25","13.3691","13.3691","9.1571","0.3","0","1.788","0"
"01/19/2020 21:36:33","01/19/2020 14:36:33","MiningRigRentals","Equihash21x9","BTC","8637.25","15.0949","15.0949","10.3347","0.338","0","2.019","0"
"01/19/2020 21:38:24","01/19/2020 14:38:24","MiningRigRentals","Equihash21x9","BTC","8637.25","13.909","13.909","9.5257","0.312","0","1.861","0"
"01/19/2020 21:40:34","01/19/2020 14:40:34","MiningRigRentals","Equihash21x9","BTC","8634.92","16.1338","16.1338","11.0572","0.362","0","2.159","0"
"01/19/2020 21:42:41","01/19/2020 14:42:41","MiningRigRentals","Equihash21x9","BTC","8634.92","15.8677","15.8677","10.8801","0.356","0","2.124","0"
"01/19/2020 21:44:32","01/19/2020 14:44:32","MiningRigRentals","Equihash21x9","BTC","8634.92","13.7838","13.7838","9.4587","0.31","0","1.845","0"
"01/19/2020 21:46:16","01/19/2020 14:46:16","MiningRigRentals","Equihash21x9","BTC","8634.92","12.9027","12.9027","8.859","0.29","0","1.729","0"
"01/19/2020 21:48:03","01/19/2020 14:48:03","MiningRigRentals","Equihash21x9","BTC","8634.92","13.4126","13.4126","9.2086","0.301","0","1.798","0"
"01/19/2020 21:49:51","01/19/2020 14:49:51","MiningRigRentals","Equihash21x9","BTC","8620.1","13.3929","13.3929","9.2101","0.301","0","1.796","0"
"01/19/2020 21:51:59","01/19/2020 14:51:59","MiningRigRentals","Equihash21x9","BTC","8620.1","15.9256","15.9256","10.9489","0.358","0","2.135","0"
"01/19/2020 21:53:52","01/19/2020 14:53:52","MiningRigRentals","Equihash21x9","BTC","8620.1","14.0507","14.0507","9.6599","0.316","0","1.884","0"
"01/19/2020 21:55:32","01/19/2020 14:55:32","MiningRigRentals","Equihash21x9","BTC","8620.1","12.343","12.343","8.4766","0.277","0","1.655","0"
"01/19/2020 21:57:13","01/19/2020 14:57:13","MiningRigRentals","Equihash21x9","BTC","8620.1","12.625","12.625","8.6642","0.283","0","1.692","0"
"01/19/2020 21:58:54","01/19/2020 14:58:54","MiningRigRentals","Equihash21x9","BTC","8620.1","12.5949","12.5949","8.6425","0.282","0","1.688","0"
"01/19/2020 22:00:43","01/19/2020 15:00:43","MiningRigRentals","Equihash21x9","BTC","8614.76","13.5089","13.5089","9.2713","0.303","0","1.81","0"
"01/19/2020 22:02:56","01/19/2020 15:02:56","MiningRigRentals","Equihash21x9","BTC","8614.76","16.5982","16.5982","11.3907","0.372","0","2.223","0"
"01/19/2020 22:04:44","01/19/2020 15:04:44","MiningRigRentals","Equihash21x9","BTC","8614.76","13.3234","13.3234","9.1389","0.298","0","1.786","0"
"01/19/2020 22:06:23","01/19/2020 15:06:23","MiningRigRentals","Equihash21x9","BTC","8614.76","12.3784","12.3784","8.4972","0.278","0","1.66","0"
"01/19/2020 22:08:01","01/19/2020 15:08:01","MiningRigRentals","Equihash21x9","BTC","8614.76","12.1067","12.1067","8.311","0.271","0","1.623","0"
"01/19/2020 22:09:53","01/19/2020 15:09:53","MiningRigRentals","Equihash21x9","BTC","8597.3","14.0004","14.0004","9.6255","0.314","0","1.876","0"
"01/19/2020 22:11:37","01/19/2020 15:11:37","MiningRigRentals","Equihash21x9","BTC","8597.3","12.9108","12.9108","8.8764","0.289","0","1.73","0"
"01/19/2020 22:13:33","01/19/2020 15:13:33","MiningRigRentals","Equihash21x9","BTC","8597.3","14.4937","14.4937","9.9667","0.325","0","1.943","0"
"01/19/2020 22:15:36","01/19/2020 15:15:36","MiningRigRentals","Equihash21x9","BTC","8597.3","15.2558","15.2558","10.4928","0.342","0","2.045","0"
"01/19/2020 22:17:19","01/19/2020 15:17:19","MiningRigRentals","Equihash21x9","BTC","8597.3","12.8235","12.8235","8.8221","0.288","0","1.719","0"
"01/19/2020 22:19:05","01/19/2020 15:19:05","MiningRigRentals","Equihash21x9","BTC","8597.3","13.1535","13.1535","9.0493","0.295","0","1.763","0"
"01/19/2020 22:20:57","01/19/2020 15:20:57","MiningRigRentals","Equihash21x9","BTC","8626.88","13.8926","13.8926","9.5291","0.312","0","1.862","0"
"01/19/2020 22:22:37","01/19/2020 15:22:37","MiningRigRentals","Equihash21x9","BTC","8626.88","12.4879","12.4879","8.5713","0.28","0","1.674","0"
"01/19/2020 22:24:32","01/19/2020 15:24:32","MiningRigRentals","Equihash21x9","BTC","8626.88","14.2181","14.2181","9.765","0.319","0","1.906","0"
"01/19/2020 22:26:32","01/19/2020 15:26:32","MiningRigRentals","Equihash21x9","BTC","8626.88","14.9887","14.9887","10.2722","0.336","0","2.005","0"
"01/19/2020 22:28:41","01/19/2020 15:28:41","MiningRigRentals","Equihash21x9","BTC","8626.88","16.0788","16.0788","11.0112","0.36","0","2.151","0"
"01/19/2020 22:30:25","01/19/2020 15:30:25","MiningRigRentals","Equihash21x9","BTC","8622.54","12.9562","12.9562","8.8831","0.29","0","1.734","0"
"01/19/2020 22:32:06","01/19/2020 15:32:06","MiningRigRentals","Equihash21x9","BTC","8622.54","12.5959","12.5959","8.6403","0.282","0","1.686","0"
"01/19/2020 22:33:51","01/19/2020 15:33:51","MiningRigRentals","Equihash21x9","BTC","8622.54","13.1173","13.1173","8.9979","0.294","0","1.755","0"
"01/19/2020 22:35:38","01/19/2020 15:35:38","MiningRigRentals","Equihash21x9","BTC","8622.54","13.2104","13.2104","9.0606","0.296","0","1.767","0"
"01/19/2020 22:37:17","01/19/2020 15:37:17","MiningRigRentals","Equihash21x9","BTC","8622.54","12.3908","12.3908","8.4998","0.278","0","1.658","0"
"01/19/2020 22:38:56","01/19/2020 15:38:56","MiningRigRentals","Equihash21x9","BTC","8631.82","12.2976","12.2976","8.4294","0.276","0","1.645","0"
"01/19/2020 22:40:48","01/19/2020 15:40:48","MiningRigRentals","Equihash21x9","BTC","8631.82","14.0471","14.0471","9.6282","0.315","0","1.879","0"
"01/19/2020 22:42:48","01/19/2020 15:42:48","MiningRigRentals","Equihash21x9","BTC","8631.82","14.9204","14.9204","10.2246","0.335","0","1.994","0"
"01/19/2020 22:44:50","01/19/2020 15:44:50","MiningRigRentals","Equihash21x9","BTC","8631.82","15.2398","15.2398","10.4423","0.342","0","2.038","0"
"01/19/2020 22:46:47","01/19/2020 15:46:47","MiningRigRentals","Equihash21x9","BTC","8631.82","14.6044","14.6044","9.9991","0.327","0","1.951","0"
"01/19/2020 22:48:28","01/19/2020 15:48:28","MiningRigRentals","Equihash21x9","BTC","8631.82","12.5728","12.5728","8.6079","0.282","0","1.679","0"
"01/19/2020 22:50:18","01/19/2020 15:50:18","MiningRigRentals","Equihash21x9","BTC","8625.09","13.6452","13.6452","9.3488","0.306","0","1.822","0"
"01/19/2020 22:52:02","01/19/2020 15:52:02","MiningRigRentals","Equihash21x9","BTC","8625.09","12.9866","12.9866","8.8998","0.291","0","1.735","0"
"01/19/2020 22:53:45","01/19/2020 15:53:45","MiningRigRentals","Equihash21x9","BTC","8625.09","12.9365","12.9365","8.8645","0.29","0","1.728","0"
"01/19/2020 22:55:38","01/19/2020 15:55:38","MiningRigRentals","Equihash21x9","BTC","8625.09","14.0676","14.0676","9.6407","0.315","0","1.88","0"
"01/19/2020 22:57:26","01/19/2020 15:57:26","MiningRigRentals","Equihash21x9","BTC","8625.09","13.5214","13.5214","9.2638","0.303","0","1.807","0"
"01/19/2020 22:59:28","01/19/2020 15:59:28","MiningRigRentals","Equihash21x9","BTC","8625.09","15.114","15.114","10.3572","0.339","0","2.02","0"
"01/19/2020 23:01:34","01/19/2020 16:01:34","MiningRigRentals","Equihash21x9","BTC","8628.98","15.7615","15.7615","10.7975","0.353","0","2.107","0"
"01/19/2020 23:03:35","01/19/2020 16:03:35","MiningRigRentals","Equihash21x9","BTC","8628.98","15.0822","15.0822","10.3374","0.338","0","2.017","0"
"01/19/2020 23:05:18","01/19/2020 16:05:18","MiningRigRentals","Equihash21x9","BTC","8628.98","12.8237","12.8237","8.791","0.288","0","1.715","0"
"01/19/2020 23:06:57","01/19/2020 16:06:57","MiningRigRentals","Equihash21x9","BTC","8628.98","12.401","12.401","8.4713","0.277","0","1.652","0"
"01/19/2020 23:08:56","01/19/2020 16:08:56","MiningRigRentals","Equihash21x9","BTC","8650","14.8494","14.8494","10.1181","0.332","0","1.978","0"
"01/19/2020 23:10:41","01/19/2020 16:10:41","MiningRigRentals","Equihash21x9","BTC","8650","13.2005","13.2005","8.9965","0.295","0","1.758","0"
"01/19/2020 23:12:41","01/19/2020 16:12:41","MiningRigRentals","Equihash21x9","BTC","8650","14.9325","14.9325","10.1796","0.334","0","1.989","0"
"01/19/2020 23:14:42","01/19/2020 16:14:42","MiningRigRentals","Equihash21x9","BTC","8650","15.2089","15.2089","10.367","0.34","0","2.026","0"
"01/19/2020 23:16:39","01/19/2020 16:16:39","MiningRigRentals","Equihash21x9","BTC","8650","14.5689","14.5689","9.9386","0.326","0","1.941","0"
"01/19/2020 23:18:35","01/19/2020 16:18:35","MiningRigRentals","Equihash21x9","BTC","8650","14.5537","14.5537","9.9255","0.325","0","1.94","0"
"01/19/2020 23:20:33","01/19/2020 16:20:33","MiningRigRentals","Equihash21x9","BTC","8658.41","14.7047","14.7047","10.0172","0.329","0","1.96","0"
"01/19/2020 23:22:35","01/19/2020 16:22:35","MiningRigRentals","Equihash21x9","BTC","8658.41","15.2796","15.2796","10.4134","0.342","0","2.037","0"
"01/19/2020 23:24:21","01/19/2020 16:24:21","MiningRigRentals","Equihash21x9","BTC","8658.41","13.2133","13.2133","9.0038","0.296","0","1.762","0"
"01/19/2020 23:26:01","01/19/2020 16:26:01","MiningRigRentals","Equihash21x9","BTC","8658.41","12.5307","12.5307","8.5503","0.281","0","1.673","0"
"01/19/2020 23:28:07","01/19/2020 16:28:07","MiningRigRentals","Equihash21x9","BTC","8658.41","15.6894","15.6894","10.7071","0.351","0","2.094","0"
"01/19/2020 23:30:09","01/19/2020 16:30:09","MiningRigRentals","Equihash21x9","BTC","8658.41","15.2979","15.2979","10.433","0.342","0","2.042","0"
"01/19/2020 23:32:08","01/19/2020 16:32:08","MiningRigRentals","Equihash21x9","BTC","8643.59","14.8055","14.8055","10.1179","0.332","0","1.977","0"
"01/19/2020 23:33:52","01/19/2020 16:33:52","MiningRigRentals","Equihash21x9","BTC","8643.59","13.0453","13.0453","8.9192","0.292","0","1.742","0"
"01/19/2020 23:35:31","01/19/2020 16:35:31","MiningRigRentals","Equihash21x9","BTC","8643.59","12.3525","12.3525","8.446","0.277","0","1.649","0"
"01/19/2020 23:37:11","01/19/2020 16:37:11","MiningRigRentals","Equihash21x9","BTC","8643.59","12.4672","12.4672","8.5246","0.279","0","1.664","0"
"01/19/2020 23:38:57","01/19/2020 16:38:57","MiningRigRentals","Equihash21x9","BTC","8643.59","13.2204","13.2204","9.0421","0.296","0","1.765","0"
"01/19/2020 23:40:40","01/19/2020 16:40:40","MiningRigRentals","Equihash21x9","BTC","8654.94","12.8812","12.8812","8.8024","0.289","0","1.72","0"
"01/19/2020 23:42:24","01/19/2020 16:42:24","MiningRigRentals","Equihash21x9","BTC","8654.94","12.9591","12.9591","8.8596","0.291","0","1.73","0"
"01/19/2020 23:44:32","01/19/2020 16:44:32","MiningRigRentals","Equihash21x9","BTC","8654.94","15.938","15.938","10.8995","0.358","0","2.127","0"
"01/19/2020 23:46:33","01/19/2020 16:46:33","MiningRigRentals","Equihash21x9","BTC","8654.94","15.0979","15.0979","10.3294","0.339","0","2.017","0"
"01/19/2020 23:48:44","01/19/2020 16:48:44","MiningRigRentals","Equihash21x9","BTC","8654.94","16.3345","16.3345","11.1734","0.367","0","2.182","0"
"01/19/2020 23:51:07","01/19/2020 16:51:07","MiningRigRentals","Equihash21x9","BTC","8650.45","17.8913","17.8913","12.2455","0.402","0","2.39","0"
"01/19/2020 23:52:44","01/19/2020 16:52:44","MiningRigRentals","Equihash21x9","BTC","8650.45","12.053","12.053","8.2496","0.271","0","1.61","0"
"01/19/2020 23:54:43","01/19/2020 16:54:43","MiningRigRentals","Equihash21x9","BTC","8650.45","14.8658","14.8658","10.1765","0.334","0","1.986","0"
"01/19/2020 23:56:27","01/19/2020 16:56:27","MiningRigRentals","Equihash21x9","BTC","8650.45","13.0575","13.0575","8.9361","0.293","0","1.744","0"
"01/19/2020 23:58:14","01/19/2020 16:58:14","MiningRigRentals","Equihash21x9","BTC","8650.45","13.361","13.361","9.1413","0.3","0","1.785","0"
"01/19/2020 23:59:55","01/19/2020 16:59:55","MiningRigRentals","Equihash21x9","BTC","8630.46","12.5809","12.5809","8.63","0.282","0","1.681","0"
